{"accuracy": [0.48632219433784485, 0.8419452905654907, 0.8996960520744324, 0.9290780425071716, 0.9432623982429504, 0.9523809552192688, 0.9696048498153687, 0.9736575484275818, 0.9685916900634766, 0.978723406791687], "loss": [2.6235857009887695, 0.4927714467048645, 0.2977502644062042, 0.2049647569656372, 0.14933592081069946, 0.13693909347057343, 0.10727894306182861, 0.08081136643886566, 0.11603091657161713, 0.06804446130990982], "val_accuracy": [0.7298578023910522, 0.8909952640533447, 0.9336493015289307, 0.9383886456489563, 0.9383886456489563, 0.9526066184043884, 0.9383886456489563, 0.9573459625244141, 0.9573459625244141, 0.9478672742843628], "val_loss": [0.7113522291183472, 0.5129672288894653, 0.20757605135440826, 0.2260328233242035, 0.2467116117477417, 0.16449694335460663, 0.1860310286283493, 0.15168888866901398, 0.11758799105882645, 0.17981331050395966]}